[{"model": "admin.logentry", "pk": 1, "fields": {"action_time": "2023-11-08T02:24:12.720Z", "user": 1, "content_type": 6, "object_id": "1", "object_repr": "admin", "action_flag": 2, "change_message": "[{\"changed\": {\"fields\": [\"\\u0e1c\\u0e39\\u0e49\\u0e43\\u0e0a\\u0e49\\u0e07\\u0e32\\u0e19\\u0e17\\u0e31\\u0e48\\u0e27\\u0e44\\u0e1b\", \"\\u0e1c\\u0e39\\u0e49\\u0e08\\u0e31\\u0e14\\u0e01\\u0e32\\u0e23\\u0e04\\u0e25\\u0e31\\u0e07\", \"\\u0e1c\\u0e39\\u0e49\\u0e14\\u0e39\\u0e41\\u0e25\\u0e23\\u0e30\\u0e1a\\u0e1a\"]}}]"}}, {"model": "admin.logentry", "pk": 2, "fields": {"action_time": "2023-11-10T04:47:09.665Z", "user": 1, "content_type": 9, "object_id": "13", "object_repr": "13", "action_flag": 2, "change_message": "[{\"changed\": {\"fields\": [\"\\u0e2b\\u0e21\\u0e32\\u0e22\\u0e40\\u0e2b\\u0e15\\u0e38\"]}}]"}}, {"model": "admin.logentry", "pk": 3, "fields": {"action_time": "2023-11-20T06:19:21.991Z", "user": 1, "content_type": 8, "object_id": "10", "object_repr": "CartItem object (10)", "action_flag": 3, "change_message": ""}}, {"model": "admin.logentry", "pk": 4, "fields": {"action_time": "2023-11-20T07:48:55.956Z", "user": 1, "content_type": 6, "object_id": "3", "object_repr": "user1", "action_flag": 2, "change_message": "[{\"changed\": {\"fields\": [\"\\u0e1c\\u0e39\\u0e49\\u0e43\\u0e0a\\u0e49\\u0e07\\u0e32\\u0e19\\u0e17\\u0e31\\u0e48\\u0e27\\u0e44\\u0e1b\", \"\\u0e1c\\u0e39\\u0e49\\u0e08\\u0e31\\u0e14\\u0e01\\u0e32\\u0e23\\u0e04\\u0e25\\u0e31\\u0e07\"]}}]"}}, {"model": "auth.permission", "pk": 1, "fields": {"name": "Can add log entry", "content_type": 1, "codename": "add_logentry"}}, {"model": "auth.permission", "pk": 2, "fields": {"name": "Can change log entry", "content_type": 1, "codename": "change_logentry"}}, {"model": "auth.permission", "pk": 3, "fields": {"name": "Can delete log entry", "content_type": 1, "codename": "delete_logentry"}}, {"model": "auth.permission", "pk": 4, "fields": {"name": "Can view log entry", "content_type": 1, "codename": "view_logentry"}}, {"model": "auth.permission", "pk": 5, "fields": {"name": "Can add permission", "content_type": 2, "codename": "add_permission"}}, {"model": "auth.permission", "pk": 6, "fields": {"name": "Can change permission", "content_type": 2, "codename": "change_permission"}}, {"model": "auth.permission", "pk": 7, "fields": {"name": "Can delete permission", "content_type": 2, "codename": "delete_permission"}}, {"model": "auth.permission", "pk": 8, "fields": {"name": "Can view permission", "content_type": 2, "codename": "view_permission"}}, {"model": "auth.permission", "pk": 9, "fields": {"name": "Can add group", "content_type": 3, "codename": "add_group"}}, {"model": "auth.permission", "pk": 10, "fields": {"name": "Can change group", "content_type": 3, "codename": "change_group"}}, {"model": "auth.permission", "pk": 11, "fields": {"name": "Can delete group", "content_type": 3, "codename": "delete_group"}}, {"model": "auth.permission", "pk": 12, "fields": {"name": "Can view group", "content_type": 3, "codename": "view_group"}}, {"model": "auth.permission", "pk": 13, "fields": {"name": "Can add content type", "content_type": 4, "codename": "add_contenttype"}}, {"model": "auth.permission", "pk": 14, "fields": {"name": "Can change content type", "content_type": 4, "codename": "change_contenttype"}}, {"model": "auth.permission", "pk": 15, "fields": {"name": "Can delete content type", "content_type": 4, "codename": "delete_contenttype"}}, {"model": "auth.permission", "pk": 16, "fields": {"name": "Can view content type", "content_type": 4, "codename": "view_contenttype"}}, {"model": "auth.permission", "pk": 17, "fields": {"name": "Can add session", "content_type": 5, "codename": "add_session"}}, {"model": "auth.permission", "pk": 18, "fields": {"name": "Can change session", "content_type": 5, "codename": "change_session"}}, {"model": "auth.permission", "pk": 19, "fields": {"name": "Can delete session", "content_type": 5, "codename": "delete_session"}}, {"model": "auth.permission", "pk": 20, "fields": {"name": "Can view session", "content_type": 5, "codename": "view_session"}}, {"model": "auth.permission", "pk": 21, "fields": {"name": "Can add สมาชิกผู้ใช้งาน (Users)", "content_type": 6, "codename": "add_myuser"}}, {"model": "auth.permission", "pk": 22, "fields": {"name": "Can change สมาชิกผู้ใช้งาน (Users)", "content_type": 6, "codename": "change_myuser"}}, {"model": "auth.permission", "pk": 23, "fields": {"name": "Can delete สมาชิกผู้ใช้งาน (Users)", "content_type": 6, "codename": "delete_myuser"}}, {"model": "auth.permission", "pk": 24, "fields": {"name": "Can view สมาชิกผู้ใช้งาน (Users)", "content_type": 6, "codename": "view_myuser"}}, {"model": "auth.permission", "pk": 25, "fields": {"name": "Can add profile", "content_type": 7, "codename": "add_profile"}}, {"model": "auth.permission", "pk": 26, "fields": {"name": "Can change profile", "content_type": 7, "codename": "change_profile"}}, {"model": "auth.permission", "pk": 27, "fields": {"name": "Can delete profile", "content_type": 7, "codename": "delete_profile"}}, {"model": "auth.permission", "pk": 28, "fields": {"name": "Can view profile", "content_type": 7, "codename": "view_profile"}}, {"model": "auth.permission", "pk": 29, "fields": {"name": "Can add cart item", "content_type": 8, "codename": "add_cartitem"}}, {"model": "auth.permission", "pk": 30, "fields": {"name": "Can change cart item", "content_type": 8, "codename": "change_cartitem"}}, {"model": "auth.permission", "pk": 31, "fields": {"name": "Can delete cart item", "content_type": 8, "codename": "delete_cartitem"}}, {"model": "auth.permission", "pk": 32, "fields": {"name": "Can view cart item", "content_type": 8, "codename": "view_cartitem"}}, {"model": "auth.permission", "pk": 33, "fields": {"name": "Can add order", "content_type": 9, "codename": "add_order"}}, {"model": "auth.permission", "pk": 34, "fields": {"name": "Can change order", "content_type": 9, "codename": "change_order"}}, {"model": "auth.permission", "pk": 35, "fields": {"name": "Can delete order", "content_type": 9, "codename": "delete_order"}}, {"model": "auth.permission", "pk": 36, "fields": {"name": "Can view order", "content_type": 9, "codename": "view_order"}}, {"model": "auth.permission", "pk": 37, "fields": {"name": "Can add order item", "content_type": 10, "codename": "add_orderitem"}}, {"model": "auth.permission", "pk": 38, "fields": {"name": "Can change order item", "content_type": 10, "codename": "change_orderitem"}}, {"model": "auth.permission", "pk": 39, "fields": {"name": "Can delete order item", "content_type": 10, "codename": "delete_orderitem"}}, {"model": "auth.permission", "pk": 40, "fields": {"name": "Can view order item", "content_type": 10, "codename": "view_orderitem"}}, {"model": "auth.permission", "pk": 41, "fields": {"name": "Can add category", "content_type": 11, "codename": "add_category"}}, {"model": "auth.permission", "pk": 42, "fields": {"name": "Can change category", "content_type": 11, "codename": "change_category"}}, {"model": "auth.permission", "pk": 43, "fields": {"name": "Can delete category", "content_type": 11, "codename": "delete_category"}}, {"model": "auth.permission", "pk": 44, "fields": {"name": "Can view category", "content_type": 11, "codename": "view_category"}}, {"model": "auth.permission", "pk": 45, "fields": {"name": "Can add product", "content_type": 12, "codename": "add_product"}}, {"model": "auth.permission", "pk": 46, "fields": {"name": "Can change product", "content_type": 12, "codename": "change_product"}}, {"model": "auth.permission", "pk": 47, "fields": {"name": "Can delete product", "content_type": 12, "codename": "delete_product"}}, {"model": "auth.permission", "pk": 48, "fields": {"name": "Can view product", "content_type": 12, "codename": "view_product"}}, {"model": "auth.permission", "pk": 49, "fields": {"name": "Can add subcategory", "content_type": 13, "codename": "add_subcategory"}}, {"model": "auth.permission", "pk": 50, "fields": {"name": "Can change subcategory", "content_type": 13, "codename": "change_subcategory"}}, {"model": "auth.permission", "pk": 51, "fields": {"name": "Can delete subcategory", "content_type": 13, "codename": "delete_subcategory"}}, {"model": "auth.permission", "pk": 52, "fields": {"name": "Can view subcategory", "content_type": 13, "codename": "view_subcategory"}}, {"model": "contenttypes.contenttype", "pk": 1, "fields": {"app_label": "admin", "model": "logentry"}}, {"model": "contenttypes.contenttype", "pk": 2, "fields": {"app_label": "auth", "model": "permission"}}, {"model": "contenttypes.contenttype", "pk": 3, "fields": {"app_label": "auth", "model": "group"}}, {"model": "contenttypes.contenttype", "pk": 4, "fields": {"app_label": "contenttypes", "model": "contenttype"}}, {"model": "contenttypes.contenttype", "pk": 5, "fields": {"app_label": "sessions", "model": "session"}}, {"model": "contenttypes.contenttype", "pk": 6, "fields": {"app_label": "accounts", "model": "myuser"}}, {"model": "contenttypes.contenttype", "pk": 7, "fields": {"app_label": "accounts", "model": "profile"}}, {"model": "contenttypes.contenttype", "pk": 8, "fields": {"app_label": "cart", "model": "cartitem"}}, {"model": "contenttypes.contenttype", "pk": 9, "fields": {"app_label": "orders", "model": "order"}}, {"model": "contenttypes.contenttype", "pk": 10, "fields": {"app_label": "orders", "model": "orderitem"}}, {"model": "contenttypes.contenttype", "pk": 11, "fields": {"app_label": "shop", "model": "category"}}, {"model": "contenttypes.contenttype", "pk": 12, "fields": {"app_label": "shop", "model": "product"}}, {"model": "contenttypes.contenttype", "pk": 13, "fields": {"app_label": "shop", "model": "subcategory"}}, {"model": "sessions.session", "pk": "3f0pz39o1wd9sdc7ub5zdege4hget5br", "fields": {"session_data": ".eJxVjDsOgzAQBe-ydWRhr-3ElOlzBuT9OJBEIPGpEHcPSDS0M_PeCpzHGep1u0GTl7ltlknHphOowcKFUeav9oeQT-7fg-Ghn8eOzJGY007mNYj-nmd7OWjz1O7rijG4VNRTlVhRCrrHDiRh9ol9cOoikaLXICFaIh8LKge0ctcKLWx_KUE7Gg:1r2niD:BF-EJ_4znKzqI1QKgyZhkBcFye0bhqnlAtXL1-w5jWo", "expire_date": "2023-11-28T07:19:53.081Z"}}, {"model": "sessions.session", "pk": "3oo3ndenv7bo7crywyehfshpyjcom4wy", "fields": {"session_data": ".eJxVjDEOgzAQBP9ydWQZg3OYMj1vQOc7OyaJjIShQvw9INGw5c7sbsA0L9Bt-wMGWpc0rCXMwyjQgYFb54m_IZ9APpTfk-IpL_Po1amoixbVTxJ-r8u9HSQq6VhTI9aiQWeN1MyMorERrLyvRFu0vtaujRRbqWJjNAWNR-LTtCRO2MD-ByNhOyQ:1r5M3d:LF_ZWfFKnYUlP9CQiit2dJ3iYiSkm6lQh_hP-8xm1hY", "expire_date": "2023-12-05T08:24:33.065Z"}}, {"model": "sessions.session", "pk": "4p3qljygdvxwfk22lt10h7r06nkp2omh", "fields": {"session_data": ".eJxVjDsOgzAQBe-ydWRhr-3ElOlzBuT9OJBEIPGpEHcPSDS0M_PeCpzHGep1u0GTl7ltlknHphOowcKFUeav9oeQT-7fg-Ghn8eOzJGY007mNYj-nmd7OWjz1O7rijG4VNRTlVhRCrrHDiRh9ol9cOoikaLXICFaIh8LKge0ctcKLWx_KUE7Gg:1r0vwE:zjErGMnUxli5BGWLGAAmJlOSHv1NTGRaTNW3Dn61s2Y", "expire_date": "2023-11-23T03:42:38.265Z"}}, {"model": "sessions.session", "pk": "5ih4z41sovij4czyhyvjc77ajhwu0c4w", "fields": {"session_data": ".eJx1jssOgjAQRf9l1qShL6As3fsNTR-DVA1oKQtD-u9Sw0IXbiaZe87czAbarGnU64JRBw89UKi-M2vcDacC_NVMl5m4eUoxWFIUctCFnGeP99Ph_hSMZhn369pxydSAwtbKIfcDZ90eeMWNUE5IhqyxFrlA6WVDrRXNwNFJTn2LNS9fORMT9Fuu4FNcVk33ALoynquZUkgv6GkFjxgcQs_kLrd_aZ1zfgNHo1M6:1r2Mz0:fRDUQrznsbQQw9TyVpXH1vbUFmQWQRwTq5wZlMuOEgk", "expire_date": "2023-11-27T02:47:26.897Z"}}, {"model": "sessions.session", "pk": "a92g2xlr4yi9rtd00yupby54exegw7oh", "fields": {"session_data": ".eJxVjDsOgzAQBe-ydWRhr-3ElOlzBuT9OJBEIPGpEHcPSDS0M_PeCpzHGep1u0GTl7ltlknHphOowcKFUeav9oeQT-7fg-Ghn8eOzJGY007mNYj-nmd7OWjz1O7rijG4VNRTlVhRCrrHDiRh9ol9cOoikaLXICFaIh8LKge0ctcKLWx_KUE7Gg:1r2MJV:GK9fotLld66931vs0mN58L99ICM-xRLWV8wTUSEBMo0", "expire_date": "2023-11-27T02:04:33.177Z"}}, {"model": "sessions.session", "pk": "dbllj165zyxx3dbo0r1hvb3io9cgzhpo", "fields": {"session_data": ".eJxVjDsOgzAQBe-ydWRhr-3ElOlzBuT9OJBEIPGpEHcPSDS0M_PeCpzHGep1u0GTl7ltlknHphOowcKFUeav9oeQT-7fg-Ghn8eOzJGY007mNYj-nmd7OWjz1O7rijG4VNRTlVhRCrrHDiRh9ol9cOoikaLXICFaIh8LKge0ctcKLWx_KUE7Gg:1r3pe2:3vyTmVnaTNQ2DcCMiIm4k7frv7ScmaaNTQvOd1DT2WY", "expire_date": "2023-12-01T03:35:50.415Z"}}, {"model": "sessions.session", "pk": "dyx6ach8xohytgzw3ehix8qpa776ypwo", "fields": {"session_data": "eyJjYXJ0Ijp7fX0:1r3pbb:x7WvC6N5YYpYsglKrU3CgAZqONRgc05J_-sHS48yDD4", "expire_date": "2023-12-01T03:33:19.927Z"}}, {"model": "sessions.session", "pk": "fboqr1lwhrex99hz0s5w9b7m2mrc6t9o", "fields": {"session_data": "eyJjYXJ0Ijp7fX0:1r0e5W:zTAivqULH2p7Amu8PFzTe8D1yaRucfRDZ--4TBDefMo", "expire_date": "2023-11-22T08:39:02.246Z"}}, {"model": "sessions.session", "pk": "g8960fo8qupkmru2i06r4s3viqoxboow", "fields": {"session_data": "eyJjYXJ0Ijp7fX0:1r3pa1:TRZm4uWBluWAn5aTpidO4ox9uTw---HH3FDpAvmxNl0", "expire_date": "2023-12-01T03:31:41.389Z"}}, {"model": "sessions.session", "pk": "kcbkz9er06rri12i016l8r6ms5qpl8at", "fields": {"session_data": "eyJjYXJ0Ijp7fX0:1r0cdM:4vLJIO_t9CF_JqC2J-11SiURO6bwOvhq8J9FQedOofI", "expire_date": "2023-11-22T07:05:52.227Z"}}, {"model": "sessions.session", "pk": "mp0ly0rhx6wsev69h68616460t6yt232", "fields": {"session_data": "eyJjYXJ0Ijp7fX0:1r0duJ:7NZBURSn93ivvz3luUGAqZNI3-FVWh6ci9WzEQgoI_w", "expire_date": "2023-11-22T08:27:27.580Z"}}, {"model": "sessions.session", "pk": "n6ap2p11kfwl4nyf2l4d7fdxo9ugd4gq", "fields": {"session_data": "eyJjYXJ0Ijp7fX0:1r3paj:w53kifVrmWnjF98iSxG5-s6-7Mq2x3bcWBHCx0IZ_28", "expire_date": "2023-12-01T03:32:25.466Z"}}, {"model": "sessions.session", "pk": "ni8wg54gg7xahg71oj2fm92i85s8os9l", "fields": {"session_data": ".eJxVjDsOgzAQBe-ydWRhr-3ElOlzBuT9OJBEIPGpEHcPSDS0M_PeCpzHGep1u0GTl7ltlknHphOowcKFUeav9oeQT-7fg-Ghn8eOzJGY007mNYj-nmd7OWjz1O7rijG4VNRTlVhRCrrHDiRh9ol9cOoikaLXICFaIh8LKge0ctcKLWx_KUE7Gg:1r50Ig:bNVx34BSGbfhznuex4doGaYDrmoBPtwoAaB3gNNdV6Q", "expire_date": "2023-12-04T09:10:38.329Z"}}, {"model": "sessions.session", "pk": "ode9kq9vr95yzt0h8n3ea176eerm3f34", "fields": {"session_data": ".eJxVjDsOgzAQBe-ydWRhr-3ElOlzBuT9OJBEIPGpEHcPSDS0M_PeCpzHGep1u0GTl7ltlknHphOowcKFUeav9oeQT-7fg-Ghn8eOzJGY007mNYj-nmd7OWjz1O7rijG4VNRTlVhRCrrHDiRh9ol9cOoikaLXICFaIh8LKge0ctcKLWx_KUE7Gg:1r4w8Z:_flzOCzYufkIQgammI_jYX1V0r7hCxrI6w5mwMJ9m8A", "expire_date": "2023-12-04T04:43:55.819Z"}}, {"model": "sessions.session", "pk": "ujjlfmmm99l0a7pmda2y4gxd0r6t5csh", "fields": {"session_data": "eyJjYXJ0Ijp7fX0:1r0eC8:EIyDPTJBnx8VCMdyc0PcnDfc9XaMLuKniU4ha7lZISY", "expire_date": "2023-11-22T08:45:52.877Z"}}, {"model": "sessions.session", "pk": "we3avp8hsv0q487xnqkky8swi1usabg4", "fields": {"session_data": "eyJjYXJ0Ijp7fX0:1r0duu:BjIBuXbAIOu-fC8x2bfJs49Mx5CekC5jYlU29SthLsE", "expire_date": "2023-11-22T08:28:04.046Z"}}, {"model": "sessions.session", "pk": "whgbgkvwyfuj9ron9qym3lkmkbgscpcr", "fields": {"session_data": "eyJjYXJ0Ijp7fX0:1r0e2V:HKgilEJiE1Fq9tycdUj-rKkqAGDNA44VgZ1efQwUf6c", "expire_date": "2023-11-22T08:35:55.341Z"}}, {"model": "sessions.session", "pk": "ylm18fa6py2hfwd6zm93fmk7s18bh6u4", "fields": {"session_data": "eyJjYXJ0Ijp7fX0:1r0dyL:PiPx8sXhMJJ9UpyJ0pA-5M0gnXk4ryDw96ZovI_U1zM", "expire_date": "2023-11-22T08:31:37.442Z"}}, {"model": "sessions.session", "pk": "zbqctnh2ul7fkkgckrjjfs3ennxaazxt", "fields": {"session_data": "eyJjYXJ0Ijp7fX0:1r0dyp:TbfvwE_qf1k6AbNGJOTU1ur2K4sF_XUstiKdYKNvJg0", "expire_date": "2023-11-22T08:32:07.438Z"}}, {"model": "accounts.myuser", "pk": 1, "fields": {"password": "pbkdf2_sha256$320000$wfPH71xt7J84KVXak4haE5$sMvoRHjbxf3EMBLgD6gXW3QUKgFNy8q0UldWIYvw84Y=", "last_login": "2023-11-21T07:30:03.916Z", "is_superuser": true, "username": "admin", "first_name": "", "last_name": "", "is_staff": true, "is_active": true, "date_joined": "2023-11-08T02:22:26Z", "email": "admin@mail.com", "is_general": true, "is_manager": true, "is_admin": true, "groups": [], "user_permissions": [], "likes": [9, 8]}}, {"model": "accounts.myuser", "pk": 2, "fields": {"password": "pbkdf2_sha256$320000$yRcWkasZYMHyo7pg4GlJ8i$/RTkicwjQn8460ig0umX1LOVo/rZV4zX2+xUIWLaDxM=", "last_login": "2023-11-21T07:31:48.154Z", "is_superuser": false, "username": "user", "first_name": "ผู้ใช้งาน", "last_name": "1", "is_staff": false, "is_active": true, "date_joined": "2023-11-09T03:59:23.848Z", "email": "user@mail.com", "is_general": true, "is_manager": false, "is_admin": false, "groups": [], "user_permissions": [], "likes": []}}, {"model": "accounts.myuser", "pk": 3, "fields": {"password": "pbkdf2_sha256$320000$iMTc8SvmG2L5bYmRnEZacV$pslWIZm314wQnPtvKPj9D/cqqUth4zeNDx2N6ZBu59s=", "last_login": null, "is_superuser": false, "username": "user1", "first_name": "สมศรี", "last_name": "สมสมัย", "is_staff": false, "is_active": true, "date_joined": "2023-11-20T07:41:28Z", "email": "user1@email.com", "is_general": true, "is_manager": true, "is_admin": false, "groups": [], "user_permissions": [], "likes": []}}, {"model": "orders.order", "pk": 1, "fields": {"user": 1, "created": "2023-11-08T03:47:29.333Z", "updated": "2023-11-08T03:47:29.352Z", "status": false, "refuse": false, "date_receive": null, "other": null}}, {"model": "orders.order", "pk": 2, "fields": {"user": 1, "created": "2023-11-08T03:49:19.511Z", "updated": "2023-11-08T03:49:19.532Z", "status": false, "refuse": false, "date_receive": null, "other": null}}, {"model": "orders.order", "pk": 3, "fields": {"user": 1, "created": "2023-11-08T03:58:33.919Z", "updated": "2023-11-08T03:58:33.937Z", "status": false, "refuse": false, "date_receive": null, "other": null}}, {"model": "orders.order", "pk": 4, "fields": {"user": 1, "created": "2023-11-08T04:14:21.726Z", "updated": "2023-11-08T04:14:21.726Z", "status": false, "refuse": false, "date_receive": null, "other": null}}, {"model": "orders.order", "pk": 5, "fields": {"user": 1, "created": "2023-11-08T04:36:52.131Z", "updated": "2023-11-08T04:36:52.131Z", "status": false, "refuse": false, "date_receive": null, "other": null}}, {"model": "orders.order", "pk": 6, "fields": {"user": 1, "created": "2023-11-08T04:41:19.278Z", "updated": "2023-11-08T04:41:19.278Z", "status": false, "refuse": false, "date_receive": null, "other": null}}, {"model": "orders.order", "pk": 7, "fields": {"user": 1, "created": "2023-11-08T04:42:07.308Z", "updated": "2023-11-08T04:42:07.308Z", "status": false, "refuse": false, "date_receive": null, "other": null}}, {"model": "orders.order", "pk": 8, "fields": {"user": 1, "created": "2023-11-08T04:45:17.433Z", "updated": "2023-11-21T02:31:57.233Z", "status": false, "refuse": true, "date_receive": null, "other": null}}, {"model": "orders.order", "pk": 9, "fields": {"user": 1, "created": "2023-11-08T04:46:35.025Z", "updated": "2023-11-21T02:31:49.880Z", "status": false, "refuse": true, "date_receive": null, "other": null}}, {"model": "orders.order", "pk": 10, "fields": {"user": 1, "created": "2023-11-08T04:49:00.258Z", "updated": "2023-11-21T02:31:41.959Z", "status": false, "refuse": true, "date_receive": null, "other": null}}, {"model": "orders.order", "pk": 11, "fields": {"user": 1, "created": "2023-11-08T04:49:32.114Z", "updated": "2023-11-10T06:55:00.059Z", "status": false, "refuse": true, "date_receive": null, "other": "ไม่พบรายการที่เสนอมา"}}, {"model": "orders.order", "pk": 12, "fields": {"user": 1, "created": "2023-11-08T04:53:29.187Z", "updated": "2023-11-10T08:47:13.449Z", "status": false, "refuse": true, "date_receive": null, "other": "ไม่พบรายการที่เสนอมา"}}, {"model": "orders.order", "pk": 13, "fields": {"user": 1, "created": "2023-11-08T04:54:28.940Z", "updated": "2023-11-10T04:47:09.664Z", "status": false, "refuse": true, "date_receive": null, "other": "ไม่พบรายการที่เสนอมา"}}, {"model": "orders.order", "pk": 14, "fields": {"user": 1, "created": "2023-11-08T06:47:54.020Z", "updated": "2023-11-10T07:09:22.359Z", "status": true, "refuse": false, "date_receive": "2023-11-10T07:09:00Z", "other": null}}, {"model": "orders.order", "pk": 15, "fields": {"user": 1, "created": "2023-11-08T08:50:00.423Z", "updated": "2023-11-09T02:09:06.380Z", "status": true, "refuse": false, "date_receive": "2023-11-13T02:09:00Z", "other": null}}, {"model": "orders.order", "pk": 16, "fields": {"user": 1, "created": "2023-11-09T04:39:18.067Z", "updated": "2023-11-09T04:39:18.092Z", "status": false, "refuse": false, "date_receive": null, "other": null}}, {"model": "orders.order", "pk": 17, "fields": {"user": 1, "created": "2023-11-10T04:32:34.403Z", "updated": "2023-11-10T04:32:34.454Z", "status": false, "refuse": false, "date_receive": null, "other": null}}, {"model": "orders.order", "pk": 18, "fields": {"user": 1, "created": "2023-11-21T02:43:19.439Z", "updated": "2023-11-21T02:43:19.475Z", "status": false, "refuse": false, "date_receive": null, "other": null}}, {"model": "orders.orderitem", "pk": 1, "fields": {"order": 15, "product": 8, "price": 25, "quantity": 2}}, {"model": "orders.orderitem", "pk": 2, "fields": {"order": 15, "product": 7, "price": 20, "quantity": 1}}, {"model": "orders.orderitem", "pk": 3, "fields": {"order": 16, "product": 8, "price": 25, "quantity": 1}}, {"model": "orders.orderitem", "pk": 4, "fields": {"order": 16, "product": 7, "price": 20, "quantity": 2}}, {"model": "orders.orderitem", "pk": 5, "fields": {"order": 16, "product": 6, "price": 7, "quantity": 2}}, {"model": "orders.orderitem", "pk": 6, "fields": {"order": 17, "product": 7, "price": 20, "quantity": 3}}, {"model": "orders.orderitem", "pk": 7, "fields": {"order": 17, "product": 6, "price": 7, "quantity": 2}}, {"model": "orders.orderitem", "pk": 8, "fields": {"order": 17, "product": 8, "price": 25, "quantity": 2}}, {"model": "orders.orderitem", "pk": 9, "fields": {"order": 18, "product": 8, "price": 25, "quantity": 1}}, {"model": "orders.orderitem", "pk": 10, "fields": {"order": 18, "product": 7, "price": 20, "quantity": 1}}, {"model": "shop.category", "pk": 1, "fields": {"name": "ครุภัณฑ์"}}, {"model": "shop.category", "pk": 2, "fields": {"name": "วัสดุสนง./วัสดุคอม"}}, {"model": "shop.subcategory", "pk": 1, "fields": {"name": "กระดาษA4", "category": 2}}, {"model": "shop.subcategory", "pk": 2, "fields": {"name": "กรรไกร", "category": 2}}, {"model": "shop.subcategory", "pk": 3, "fields": {"name": "ที่หนีบกระดาษ", "category": 2}}, {"model": "shop.subcategory", "pk": 4, "fields": {"name": "เม็กซ์เย็บกระดาษ", "category": 2}}, {"model": "shop.subcategory", "pk": 5, "fields": {"name": "ดินสอ", "category": 2}}, {"model": "shop.subcategory", "pk": 6, "fields": {"name": "ปากกา", "category": 2}}, {"model": "shop.subcategory", "pk": 7, "fields": {"name": "คัดเตอร์", "category": 2}}, {"model": "shop.subcategory", "pk": 8, "fields": {"name": "เครื่องคิดเลข", "category": 2}}, {"model": "shop.subcategory", "pk": 9, "fields": {"name": "คอมพิวเตอร์", "category": 1}}, {"model": "shop.product", "pk": 1, "fields": {"category": 2, "image": "products/กรรไกร_hwqFBx8.jpeg", "code": "สนง.001", "slug": "001", "title": "กรรไกร", "description": "ซื้อจาก แม็คโคร", "number": 50, "price": 20, "date_created": "2023-11-08T02:33:40.764Z"}}, {"model": "shop.product", "pk": 2, "fields": {"category": 1, "image": "products/5010111_84T6UYK.jpg", "code": "สนง.002", "slug": "002", "title": "กระดาษ A4", "description": "ซื้อจาก แม็คโคร", "number": 50, "price": 50, "date_created": "2023-11-08T02:34:49.709Z"}}, {"model": "shop.product", "pk": 3, "fields": {"category": 3, "image": "products/2003220_9EJLhBJ.jpg", "code": "สนง.003", "slug": "003", "title": "ที่หนีบกระดาษ", "description": "ซื้อจาก แม็คโคร", "number": 100, "price": 10, "date_created": "2023-11-08T02:35:35.934Z"}}, {"model": "shop.product", "pk": 4, "fields": {"category": 4, "image": "products/แมกเยบกระดาษ_Z3tZ6ya.jpg", "code": "สนง.004", "slug": "004", "title": "แม็กเย็บกระดาษ", "description": "ซื้อจาก แม็คโคร", "number": 50, "price": 25, "date_created": "2023-11-08T02:36:10.251Z"}}, {"model": "shop.product", "pk": 5, "fields": {"category": 5, "image": "products/ดนสอHB_ZNcXgsq.png", "code": "สนง.005", "slug": "005", "title": "ดินสอ HB", "description": "ซื้อจาก แม็คโคร", "number": 100, "price": 5, "date_created": "2023-11-08T02:36:39.903Z"}}, {"model": "shop.product", "pk": 6, "fields": {"category": 5, "image": "products/ดนสอ2B_UknckGj.jpg", "code": "สนง.006", "slug": "006", "title": "ดินสอ 2B", "description": "ซื้อจาก แม็คโคร", "number": 96, "price": 7, "date_created": "2023-11-08T02:37:07.663Z"}}, {"model": "shop.product", "pk": 7, "fields": {"category": 6, "image": "products/ปากกาไวนบอรด.webp", "code": "สนง.007", "slug": "007", "title": "ปากกาไวน์บอร์ด", "description": "ซื้อจาก แม็คโคร", "number": 41, "price": 20, "date_created": "2023-11-08T02:37:58.426Z"}}, {"model": "shop.product", "pk": 8, "fields": {"category": 7, "image": "products/คดเตอร_9eUpTBu.jpg", "code": "สนง.008", "slug": "008", "title": "คัดเตอร์เล็ก", "description": "ซื้อจาก แม็คโคร", "number": 28, "price": 25, "date_created": "2023-11-08T02:40:42.093Z"}}, {"model": "shop.product", "pk": 9, "fields": {"category": 8, "image": "products/เครองคดเลข_DVoJGxK.jpg", "code": "สนง.009", "slug": "009", "title": "เครื่องคิดเลขใหญ่", "description": "ซื้อจาก แม็คโคร", "number": 0, "price": 250, "date_created": "2023-11-08T02:41:26.809Z"}}, {"model": "shop.product", "pk": 11, "fields": {"category": 9, "image": "products/คอม_All_in_one_RyDVfhZ.webp", "code": "ค.001k", "slug": "001k", "title": "คอมพิวเตอร์ All In One", "description": "ซื้อจาก แม็คโคร", "number": 0, "price": 17500, "date_created": "2023-11-08T02:44:50.732Z"}}]